{"cameraMode":{"drawMode":0,"name":"Shaded","section":"Shading Mode"},"sceneLighting":true,"audioPlay":false,"sceneViewState":{"m_AlwaysRefresh":false,"showFog":true,"showSkybox":true,"showFlares":true,"showImageEffects":true,"showParticleSystems":true,"showVisualEffectGraphs":true,"m_FxEnabled":true},"in2DMode":false,"pivot":{"x":3.2771949768066408,"y":-21.797481536865236,"z":23.05094337463379},"rotation":{"x":-0.42848172783851626,"y":0.0018953074468299747,"z":-0.0008968785987235606,"w":-0.9035549759864807},"size":28.47570037841797,"orthographic":false}